,
,Shenfield
,Brentwood
,Harold Wood
,Gidea Park
,Romford
,Chadwell Heath
,Goodmayes
,Seven Kings
,Ilford
,Manor Park
,Forest Gate
,Maryland
,Stratford
,
,
,Abbey Wood
,Woolwich
,Custom House
,Canary Wharf (EL)
,Whitechapel
,Liverpool Street
,Farringdon (EL)
,Tottenham Court Road
,Bond Street (EL)
,Paddington (EL)
,Acton Main Line
,Ealing Broadway
,West Ealing
,Hanwell
,Southall
,Hayes & Harlington
,Heathrow Central
,Heathrow Terminal 5
,Heathrow Terminal 4
,
,
,West Drayton
,Iver
,Langley
,Slough
,Burnham
,Taplow
,Maidenhead
,Twyford
,Reading
,
,
,
,Roding Valley
,Chigwell
,Grange Hill
,Hainault
,Fairlop
,Barkingside
,Newbury Park
,Gants Hill
,Redbrige
,Wanstead
,
,
,Epping
,Theydon Bois
,Debden
,Loughton
,Buckhurst Hill
,Woodford
,South Woodford
,Snaresbrook
,Leytonstone
,Leyton
,Stratford
,Mile End
,Bethnal Green
,Liverpool Street
,Bank
,St Pauls
,Chancery Lane
,Holborn
,Tottenham Court Road
,Oxford Circus
,Bond Street
,Marble Arch
,Lancaster Gate
,Queensway
,Notting Hill Gate
,Holland Park
,Shepherd's Bush
,White City
,East Acton
,North Acton
,Hanger Lane
,Perivale
,Greenford
,Northolt
,South Ruislip
,Ruislip Gardens
,West Ruislip
,
,
,West Acton
,Ealing Broadway
,
,
,Waterloo
,Bank
,
,
,Harrow & Wealdstone
,Kenton
,South Kenton
,North Wembley
,Wembley Central
,Stonebridge Park
,Harlesden
,Willesden Junction
,Kensal Green
,Queen's Park
,Killburn Park
,Maida Vale
,Warwick Avenue
,Paddington
,Edgware Road
,Marylebone
,Baker Street
,Regent's Park
,Oxford Circus
,Piccadilly Circus
,Charring Cross
,Embankment
,Waterloo
,Lambeth North
,Elephant & Castle
,
,
,
,Bayswater
,Notting Hill Gate
,High Street Kensington
,Gloucester Road
,South Kensington
,Sloane Square
,Victoria
,St James's Park
,Westminster
,Embankment
,Temple
,Blackfriars
,Mansion House
,Cannon Street
,Monument
,Tower Hill
,Aldgate
,Liverpool Street
,Moorgate
,Barbican
,Farringdon
,King's Cross St Pancras
,Euston Square
,Great Portland Street
,Baker Street
,Edgware Road
,Paddington
,Royal Oak
,Westbourne Park
,Ladbroke Grove
,Latimer Road
,Wood Lane
,Shepherd's Bush Market
,Goldhawk Road
,Hammersmith
,
,
,
,
,Upminster
,Upminster Bridge
,Hornchurch
,Elm Park
,Dagenham East
,Dagenham Heathway
,Becontree
,Upney
,Barking
,East Ham
,Upton Park
,Plaistow
,West Ham
,Bromley-By-Bow
,Bow Road
,Mile End
,Stepney Green
,Whitechapel
,Aldgate East
,Tower Hill
,Monument
,Cannon Street
,Mansion House
,Blackfriars
,Temple
,Embankment
,Westminster
,St James's Park
,Victoria
,Sloane Square
,South Kensington
,Gloucester Road
,Earl's Court
,
,
,Edgware Road
,Paddington
,Bayswater
,Notting Hill Gate
,High Street Kensington
,
,
,Kensington (Olympia)
,
,
,West Brompton
,Fulham Broadway
,Parsons Green
,Putney Bridge
,East Putney
,Southfields
,Wimbledon Park
,Wimbledon
,
,
,West Kensington
,Barons Court
,Hammersmith
,Ravenscourt Park
,Turnham Green
,Chiswick Park
,Acton Town
,Ealing Common
,Ealing Broadway
,
,
,Gunnersbury
,Kew Gardens
,Richmond
,
,
,
,Barking
,East Ham
,Upton Park
,Plaistow
,West Ham
,Bromley-By-Bow
,Bow Road
,Mile End
,Stepney Green
,Whitechapel
,Aldgate East
,Liverpool Street
,Moorgate
,Barbican
,Farringdon
,King's Cross St Pancras
,Euston Square
,Great Portland Street
,Baker Street
,Edgware Road
,Paddington
,Royal Oak
,Westbourne Park
,Ladbroke Grove
,Latimer Road
,Wood Lane
,Shepherd's Bush Market
,Goldhawk Road
,Hammersmith
,
,
,
,Stanmore
,Canons Park
,Queensbury
,Kingsbury
,Wembley Park
,Neasden
,Dollis Hill
,Willesden Green
,Killburn
,West Hampstead
,Finchley Road
,Swiss Cottage
,St John's Wood
,Baker Street
,Bond Street
,Green Park
,Westminster
,Waterloo
,Southwark
,London Bridge
,Bermondsey
,Canada Water
,Canary Wharf (Jubilee)
,North Greenwich
,Canning Town
,West Ham
,Stratford
,
,
,
,
,Aldgate
,Liverpool Street
,Moorgate
,Barbican
,Farringdon
,King's Cross St Pancras
,Euston Square
,Great Portland Street
,Baker Street
,Finchley Road
,Wembley Park
,Preston Road
,Northwick Park
,Harrow on-the-Hill
,
,
,West Harrow
,Rayners Lane
,Eastcote
,Ruislip Manor
,Ruislip
,Ickenham
,Hillingdon
,Uxbridge
,
,
,North Harrow
,Pinner
,Northwood Hills
,Northwood
,Moor Park
,Rickmansworth
,Chorleywood
,Chalfont & Latimer
,Amersham
,
,
,Croxley
,Watford
,
,
,Chesham
,
,
,
,
,Edgware
,Burnt Oak
,Colindale
,Hendon Central
,Brent Cross
,Golders Green
,Hampstead
,Belsize Park
,Chalk Farm
,Camden Town
,Mornington Crescent
,Euston
,
,
,High Barnet
,Totteridge & Whetstone
,Woodside Park
,West Finchley
,
,
,Mill Hill East
,Finchley Central
,East Finchley
,Highgate
,Archway
,Tuffnell Park
,Kentish Town
,
,
,Warren Street
,Goodge Street
,Tottenham Court Road
,Leicester Square
,Charring Cross
,Embankment
,Waterloo
,Kennington
,
,
,King's Cross St Pancras
,Angel
,Old Street
,Moorgate
,Bank
,London Bridge
,Borough
,Elephant & Castle
,Kennington
,
,
,Nine Elms
,Battersea Power Station
,
,
,Oval
,Stockwell
,Clapham North
,Clapham Common
,Clapham South
,Balham
,Tooting Bec
,Tooting Broadway
,Colliers Wood
,South Wimbledon
,Morden
,
,
,
,
,Cockfosters
,Oakwood
,Southgate
,Arnos Grove
,Bounds Green
,Wood Green
,Turnpike Lane
,Manor House
,Finsbury Park
,Arsenal
,Holloway Road
,Caledonian Road
,King's Cross St Pancras
,Russell Square
,Holborn
,Covent Garden
,Leicester Square
,Piccadilly Circus
,Green Park
,Hyde Park Corner
,Knightsbridge
,South Kensington
,Gloucester Road
,Earl's Court
,Barons Court
,Hammersmith
,Turnham Green
,Acton Town
,
,
,Ealing Common
,North Ealing
,Park Royal
,Alperton
,Sudbury Town
,Sudbury Hill
,South Harrow
,Rayners Lane
,Eastcote
,Ruislip Manor
,Ruislip
,Ickenham
,Hillingdon
,Uxbridge
,
,
,South Ealing
,Northfields
,Boston Manor
,Osterley
,Hounslow East
,Hounslow Central
,Hounslow West
,Hatton Cross
,Heathrow Terminal 4
,Heathrow Terminals 2 & 3
,Heathrow Terminal 5
,
,
,
,Walthamstow Central
,Blackhorse Road
,Tottenham Hale
,Seven Sisters
,Finsbury Park
,Highbury & Islington
,King's Cross St Pancras
,Euston
,Warren Street
,Oxford Circus
,Green Park
,Victoria
,Pimlico
,Vauxhall
,Stockwell
,Brixton
,
,
,
,
,Highbury & Islington
,Canonbury
,Dalston Junction
,Haggerston
,Hoxton
,Shoreditch High Street
,Whitechapel
,Shadwell (OG)
,Wapping
,Rotherhithe
,Canada Water
,Surrey Quays
,
,
,New Cross Gate
,Brockley
,Honor Oak Park
,Forest Hill
,Sydenham
,Penge West
,Anerley
,Norwood Junction
,West Croydon
,
,
,Queens Road Peckham
,Peckham Rye
,Denmark Hill
,Clapham High Street
,Wandsworth Road
,Clapham Junction
,
,
,New Cross
,Crystal Palace
,Battersea Park
,
,
,
,
,Willesden Junction
,Kensal Rise
,Brondesbury Park
,Brondesbury
,West Hampstead (OG)
,Finchley Road & Frognal
,Hampstead Heath
,Gospel Oak
,Kentish Town West
,Camden Road
,Caledonian Road & Barnsbury
,Highbury & Islington
,Canonbury
,Dalston Kingsland
,Hackney Central
,Homerton
,Hackney Wick
,Stratford
,
,
,Shepherd's Bush
,Kensington (Olympia)
,West Brompton
,Imperial Wharf
,Clapham Junction
,
,
,Acton Central
,South Acton
,Gunnersbury
,Kew Gardens
,Richmond
,
,
,
,Euston
,South Hampstead
,Kilburn High Road
,Queen's Park
,Kensal Green
,Willesden Junction
,Harlesden
,Stonebridge Park
,Wembley Central
,North Wembley
,South Kenton
,Kenton
,Harrow & Wealdstone
,Headstone Lane
,Hatch End
,Carpenders Park
,Bushey
,Watford High Street
,Watford Junction
,
,
,
,Barking Riverside
,Barking
,Woodgrange Park
,Wanstead Park
,Leytonstone High Road
,Leyton Midland Road
,Walthamstow Queen's Road
,Blackhorse Road
,South Tottenham
,Harringay Green Lanes
,Crouch Hill
,Upper Holloway
,Gospel Oak
,
,
,
,
,Liverpool Street
,Bethnal Green
,Cambridge Heath
,London Fields
,Hackney Downs
,Rectory Road
,Stoke Newington
,Stamford Hill
,Seven Sisters
,Bruce Grove
,White Hart Lane
,Silver Street
,Edmonton Green
,
,
,Bush Hill Park
,Enfield Town
,
,
,Southbury
,Turkey Street
,Theobalds Grove
,Cheshunt
,
,
,Clapton
,St. James Street
,Walthamstow Central
,Wood Street
,Highams Park
,Chingford
,
,
,
,Romford
,Emerson Park
,Upminster
,
,
,
,
,Beckton
,Gallions Reach
,Cyprus
,Beckton Park
,Royal Albert
,Prince Regent
,Custom House
,Royal Victoria
,Canning Town
,
,
,Woolwich Arsenal
,King George V
,London City Airport
,Pontoon Dock
,West Silvertown
,
,
,East India
,Blackwall
,Poplar
,Westferry
,Limehouse
,Shadwell (DLR)
,Tower Gateway
,Bank
,
,
,Stratford International
,Stratford
,Stratford High Street
,Abbey Road
,West Ham
,Star Lane
,
,
,Pudding Mill Lane
,Bow Church
,Devons Road
,Langdon Park
,All Saints
,
,
,West India Quay
,Canary Wharf (DLR)
,Heron Quays
,South Quay
,Crossharbour
,Mudchute
,Island Gardens
,Cutty Sark
,Greenwich
,Deptford Bridge
,Elverson Road
,Lewisham
,
,
,
,
,Elmers End
,
,
,Beckenham Junction
,Beckenham Road
,Avenue Road
,Birkbeck
,Harrington Road
,Arena
,Woodside
,Blackhorse Lane
,Addiscombe
,Sandilands
,
,
,New Addington
,King Henry's Drive
,Feldway
,Addington Village
,Gravel Hill
,Coombe Lane
,Lloyd Park
,
,
,Lebanon Road
,East Croydon
,George Street
,Church Street
,Wandle Park
,Reeves Corner
,Centrale
,West Croydon
,Wellesley Road
,
,
,Waddon Marsh
,Ampere Way
,Therapia Lane
,Beddington Lane
,Mitcham Junction
,Mitcham
,Belgrave Walk
,Phipps Bridge
,Morden Road
,Merton Park
,Dundonald Road
,Wimbledon